1,1,"Alto Orinoco",,
2,1,"Atabapo",,
3,1,"Atures",,
4,1,"Autana",,
5,1,"Manapiare",,
6,1,"Maroa",,
7,1,"Río Negro",,
8,2,"Anaco",,
9,2,"Aragua",,
10,2,"Manuel Ezequiel Bruzual",,
11,2,"Diego Bautista Urbaneja",,
12,2,"Fernando Peñalver",,
13,2,"Francisco Del Carmen Carvajal",,
14,2,"General Sir Arthur McGregor",,
15,2,"Guanta",,
16,2,"Independencia",,
17,2,"José Gregorio Monagas",,
18,2,"Juan Antonio Sotillo",,
19,2,"Juan Manuel Cajigal",,
20,2,"Libertad",,
21,2,"Francisco de Miranda",,
22,2,"Pedro María Freites",,
23,2,"Píritu",,
24,2,"San José de Guanipa",,
25,2,"San Juan de Capistrano",,
26,2,"Santa Ana",,
27,2,"Simón Bolívar",,
28,2,"Simón Rodríguez",,
29,3,"Achaguas",,
30,3,"Biruaca",,
31,3,"Muñóz",,
32,3,"Páez",,
33,3,"Pedro Camejo",,
34,3,"Rómulo Gallegos",,
35,3,"San Fernando",,
36,4,"Atanasio Girardot",,
37,4,"Bolívar",,
38,4,"Camatagua",,
39,4,"Francisco Linares Alcántara",,
40,4,"José Ángel Lamas",,
41,4,"José Félix Ribas",,
42,4,"José Rafael Revenga",,
43,4,"Libertador",,
44,4,"Mario Briceño Iragorry",,
45,4,"Ocumare de la Costa de Oro",,
46,4,"San Casimiro",,
47,4,"San Sebastián",,
48,4,"Santiago Mariño",,
49,4,"Santos Michelena",,
50,4,"Sucre",,
51,4,"Tovar",,
52,4,"Urdaneta",,
53,4,"Zamora",,
54,5,"Alberto Arvelo Torrealba",,
55,5,"Andrés Eloy Blanco",,
56,5,"Antonio José de Sucre",,
57,5,"Arismendi",,
58,5,"Barinas",,
59,5,"Bolívar",,
60,5,"Cruz Paredes",,
61,5,"Ezequiel Zamora",,
62,5,"Obispos",,
63,5,"Pedraza",,
64,5,"Rojas",,
65,5,"Sosa",,
66,6,"Caroní",,
67,6,"Cedeño",,
68,6,"El Callao",,
69,6,"Gran Sabana",,
70,6,"Heres",,
71,6,"Piar",,
72,6,"Angostura (Raúl Leoni)",,
73,6,"Roscio",,
74,6,"Sifontes",,
75,6,"Sucre",,
76,6,"Padre Pedro Chien",,
77,7,"Bejuma",,
78,7,"Carlos Arvelo",,
79,7,"Diego Ibarra",,
80,7,"Guacara",,
81,7,"Juan José Mora",,
82,7,"Libertador",,
83,7,"Los Guayos",,
84,7,"Miranda",,
85,7,"Montalbán",,
86,7,"Naguanagua",,
87,7,"Puerto Cabello",,
88,7,"San Diego",,
89,7,"San Joaquín",,
90,7,"Valencia",,
91,8,"Anzoátegui",,
92,8,"Tinaquillo",,
93,8,"Girardot",,
94,8,"Lima Blanco",,
95,8,"Pao de San Juan Bautista",,
96,8,"Ricaurte",,
97,8,"Rómulo Gallegos",,
98,8,"San Carlos",,
99,8,"Tinaco",,
100,9,"Antonio Díaz",,
101,9,"Casacoima",,
102,9,"Pedernales",,
103,9,"Tucupita",,
104,10,"Acosta",,
105,10,"Bolívar",,
106,10,"Buchivacoa",,
107,10,"Cacique Manaure",,
108,10,"Carirubana",,
109,10,"Colina",,
110,10,"Dabajuro",,
111,10,"Democracia",,
112,10,"Falcón",,
113,10,"Federación",,
114,10,"Jacura",,
115,10,"José Laurencio Silva",,
116,10,"Los Taques",,
117,10,"Mauroa",,
118,10,"Miranda",,
119,10,"Monseñor Iturriza",,
120,10,"Palmasola",,
121,10,"Petit",,
122,10,"Píritu",,
123,10,"San Francisco",,
124,10,"Sucre",,
125,10,"Tocópero",,
126,10,"Unión",,
127,10,"Urumaco",,
128,10,"Zamora",,
129,11,"Camaguán",,
130,11,"Chaguaramas",,
131,11,"El Socorro",,
132,11,"José Félix Ribas",,
133,11,"José Tadeo Monagas",,
134,11,"Juan Germán Roscio",,
135,11,"Julián Mellado",,
136,11,"Las Mercedes",,
137,11,"Leonardo Infante",,
138,11,"Pedro Zaraza",,
139,11,"Ortíz",,
140,11,"San Gerónimo de Guayabal",,
141,11,"San José de Guaribe",,
142,11,"Santa María de Ipire",,
143,11,"Sebastián Francisco de Miranda",,
144,12,"Andrés Eloy Blanco",,
145,12,"Crespo",,
146,12,"Iribarren",,
147,12,"Jiménez",,
148,12,"Morán",,
149,12,"Palavecino",,
150,12,"Simón Planas",,
151,12,"Torres",,
152,12,"Urdaneta",,
179,13,"Alberto Adriani",,
180,13,"Andrés Bello",,
181,13,"Antonio Pinto Salinas",,
182,13,"Aricagua",,
183,13,"Arzobispo Chacón",,
184,13,"Campo Elías",,
185,13,"Caracciolo Parra Olmedo",,
186,13,"Cardenal Quintero",,
187,13,"Guaraque",,
188,13,"Julio César Salas",,
189,13,"Justo Briceño",,
190,13,"Libertador",,
191,13,"Miranda",,
192,13,"Obispo Ramos de Lora",,
193,13,"Padre Noguera",,
194,13,"Pueblo Llano",,
195,13,"Rangel",,
196,13,"Rivas Dávila",,
197,13,"Santos Marquina",,
198,13,"Sucre",,
199,13,"Tovar",,
200,13,"Tulio Febres Cordero",,
201,13,"Zea",,
223,14,"Acevedo",,
224,14,"Andrés Bello",,
225,14,"Baruta",,
226,14,"Brión",,
227,14,"Buroz",,
228,14,"Carrizal",,
229,14,"Chacao",,
230,14,"Cristóbal Rojas",,
231,14,"El Hatillo",,
232,14,"Guaicaipuro",,
233,14,"Independencia",,
234,14,"Lander",,
235,14,"Los Salias",,
236,14,"Páez",,
237,14,"Paz Castillo",,
238,14,"Pedro Gual",,
239,14,"Plaza",,
240,14,"Simón Bolívar",,
241,14,"Sucre",,
242,14,"Urdaneta",,
243,14,"Zamora",,
258,15,"Acosta",,
259,15,"Aguasay",,
260,15,"Bolívar",,
261,15,"Caripe",,
262,15,"Cedeño",,
263,15,"Ezequiel Zamora",,
264,15,"Libertador",,
265,15,"Maturín",,
266,15,"Piar",,
267,15,"Punceres",,
268,15,"Santa Bárbara",,
269,15,"Sotillo",,
270,15,"Uracoa",,
271,16,"Antolín del Campo",,
272,16,"Arismendi",,
273,16,"García",,
274,16,"Gómez",,
275,16,"Maneiro",,
276,16,"Marcano",,
277,16,"Mariño",,
278,16,"Península de Macanao",,
279,16,"Tubores",,
280,16,"Villalba",,
281,16,"Díaz",,
282,17,"Agua Blanca",,
283,17,"Araure",,
284,17,"Esteller",,
285,17,"Guanare",,
286,17,"Guanarito",,
287,17,"Monseñor José Vicente de Unda",,
288,17,"Ospino",,
289,17,"Páez",,
290,17,"Papelón",,
291,17,"San Genaro de Boconoíto",,
292,17,"San Rafael de Onoto",,
293,17,"Santa Rosalía",,
294,17,"Sucre",,
295,17,"Turén",,
296,18,"Andrés Eloy Blanco",,
297,18,"Andrés Mata",,
298,18,"Arismendi",,
299,18,"Benítez",,
300,18,"Bermúdez",,
301,18,"Bolívar",,
302,18,"Cajigal",,
303,18,"Cruz Salmerón Acosta",,
304,18,"Libertador",,
305,18,"Mariño",,
306,18,"Mejía",,
307,18,"Montes",,
308,18,"Ribero",,
309,18,"Sucre",,
310,18,"Valdéz",,
341,19,"Andrés Bello",,
342,19,"Antonio Rómulo Costa",,
343,19,"Ayacucho",,
344,19,"Bolívar",,
345,19,"Cárdenas",,
346,19,"Córdoba",,
347,19,"Fernández Feo",,
348,19,"Francisco de Miranda",,
349,19,"García de Hevia",,
350,19,"Guásimos",,
351,19,"Independencia",,
352,19,"Jáuregui",,
353,19,"José María Vargas",,
354,19,"Junín",,
355,19,"Libertad",,
356,19,"Libertador",,
357,19,"Lobatera",,
358,19,"Michelena",,
359,19,"Panamericano",,
360,19,"Pedro María Ureña",,
361,19,"Rafael Urdaneta",,
362,19,"Samuel Darío Maldonado",,
363,19,"San Cristóbal",,
364,19,"Seboruco",,
365,19,"Simón Rodríguez",,
366,19,"Sucre",,
367,19,"Torbes",,
368,19,"Uribante",,
369,19,"San Judas Tadeo",,
370,20,"Andrés Bello",,
371,20,"Boconó",,
372,20,"Bolívar",,
373,20,"Candelaria",,
374,20,"Carache",,
375,20,"Escuque",,
376,20,"José Felipe Márquez Cañizalez",,
377,20,"Juan Vicente Campos Elías",,
378,20,"La Ceiba",,
379,20,"Miranda",,
380,20,"Monte Carmelo",,
381,20,"Motatán",,
382,20,"Pampán",,
383,20,"Pampanito",,
384,20,"Rafael Rangel",,
385,20,"San Rafael de Carvajal",,
386,20,"Sucre",,
387,20,"Trujillo",,
388,20,"Urdaneta",,
389,20,"Valera",,
390,21,"Vargas",,
391,22,"Arístides Bastidas",,
392,22,"Bolívar",,
407,22,"Bruzual",,
408,22,"Cocorote",,
409,22,"Independencia",,
410,22,"José Antonio Páez",,
411,22,"La Trinidad",,
412,22,"Manuel Monge",,
413,22,"Nirgua",,
414,22,"Peña",,
415,22,"San Felipe",,
416,22,"Sucre",,
417,22,"Urachiche",,
418,22,"José Joaquín Veroes",,
441,23,"Almirante Padilla",,
442,23,"Baralt",,
443,23,"Cabimas",,
444,23,"Catatumbo",,
445,23,"Colón",,
446,23,"Francisco Javier Pulgar",,
447,23,"Páez",,
448,23,"Jesús Enrique Losada",,
449,23,"Jesús María Semprún",,
450,23,"La Cañada de Urdaneta",,
451,23,"Lagunillas",,
452,23,"Machiques de Perijá",,
453,23,"Mara",,
454,23,"Maracaibo",,
455,23,"Miranda",,
456,23,"Rosario de Perijá",,
457,23,"San Francisco",,
458,23,"Santa Rita",,
459,23,"Simón Bolívar",,
460,23,"Sucre",,
461,23,"Valmore Rodríguez",,
462,24,"Libertador",,
